,support,itemsets
0,0.04031422651933702,frozenset({'22138'})
1,0.03271754143646409,frozenset({'23300'})
2,0.017049378453038673,frozenset({'22371'})
3,0.012819406077348066,frozenset({'22721'})
4,0.012733080110497237,frozenset({'22723'})
5,0.012344613259668508,frozenset({'22380'})
6,0.011308701657458564,frozenset({'22596'})
7,0.060082872928176795,frozenset({'22197'})
8,0.0597807320441989,frozenset({'22720'})
9,0.048213052486187846,frozenset({'22666'})
10,0.0453642955801105,frozenset({'22727'})
11,0.042342886740331494,frozenset({'22726'})
12,0.03707700276243094,frozenset({'22112'})
13,0.03647272099447514,frozenset({'21181'})
14,0.03491885359116022,frozenset({'21175'})
15,0.03379661602209945,frozenset({'22728'})
16,0.029393991712707183,frozenset({'22467'})
17,0.029221339779005526,frozenset({'85152'})
18,0.02840124309392265,frozenset({'22835'})
19,0.02779696132596685,frozenset({'22114'})
20,0.024646063535911603,frozenset({'22730'})
21,0.02382596685082873,frozenset({'23293'})
22,0.02352382596685083,frozenset({'82600'})
23,0.0231353591160221,frozenset({'23240'})
24,0.02304903314917127,frozenset({'22998'})
25,0.02274689226519337,frozenset({'84596B'})
26,0.02153832872928177,frozenset({'21479'})
27,0.02114986187845304,frozenset({'21481'})
28,0.020502417127071824,frozenset({'23198'})
29,0.02028660220994475,frozenset({'23243'})
30,0.020200276243093923,frozenset({'21908'})
31,0.020027624309392266,frozenset({'22667'})
32,0.019466505524861878,frozenset({'21154'})
33,0.019423342541436465,frozenset({'21169'})
34,0.01929385359116022,frozenset({'84596F'})
35,0.018560082872928176,frozenset({'21216'})
36,0.01791263812154696,frozenset({'23493'})
37,0.017481008287292817,frozenset({'82581'})
38,0.017135704419889503,frozenset({'22631'})
39,0.015409185082872928,frozenset({'21871'})
40,0.01463225138121547,frozenset({'21533'})
41,0.014545925414364641,frozenset({'23168'})
42,0.013596339779005526,frozenset({'47559B'})
43,0.013164709944751381,frozenset({'22693'})
44,0.012992058011049724,frozenset({'22670'})
45,0.012733080110497237,frozenset({'21874'})
46,0.012085635359116022,frozenset({'23165'})
47,0.012042472375690607,frozenset({'84510A'})
48,0.011999309392265194,frozenset({'23000'})
49,0.011395027624309393,frozenset({'23184'})
50,0.010747582872928176,frozenset({'23197'})
51,0.010661256906077348,frozenset({'23166'})
52,0.05391056629834254,frozenset({'22457'})
53,0.051838743093922654,frozenset({'22469'})
54,0.026329419889502763,frozenset({'22909'})
55,0.021883632596685083,frozenset({'84970L'})
56,0.015193370165745856,frozenset({'22464'})
57,0.011049723756906077,frozenset({'20982'})
58,0.010747582872928176,frozenset({'20981'})
59,0.010100138121546962,frozenset({'48111'})
60,0.0390625,frozenset({'84946'})
61,0.023566988950276244,frozenset({'84997D'})
62,0.023092196132596686,frozenset({'84077'})
63,0.01938017955801105,frozenset({'22749'})
64,0.017135704419889503,frozenset({'84997C'})
65,0.014977555248618785,frozenset({'84947'})
66,0.014891229281767955,frozenset({'22791'})
67,0.014675414364640885,frozenset({'21326'})
68,0.014459599447513813,frozenset({'23503'})
69,0.012819406077348066,frozenset({'23082'})
70,0.01256042817679558,frozenset({'23126'})
71,0.011438190607734806,frozenset({'22170'})
72,0.014071132596685083,frozenset({'22087'})
73,0.050759668508287295,frozenset({'22411'})
74,0.03379661602209945,frozenset({'23355'})
75,0.02067506906077348,frozenset({'22633'})
76,0.019811809392265192,frozenset({'84029G'})
77,0.019423342541436465,frozenset({'84347'})
78,0.018560082872928176,frozenset({'84029E'})
79,0.020027624309392266,frozenset({'22617'})
80,0.016531422651933702,frozenset({'20749'})
81,0.011222375690607736,frozenset({'22768'})
82,0.09029696132596685,frozenset({'85099B'})
83,0.05313363259668508,frozenset({'23203'})
84,0.05006906077348066,frozenset({'22086'})
85,0.04152279005524862,frozenset({'22139'})
86,0.03910566298342542,frozenset({'23201'})
87,0.03539364640883978,frozenset({'22910'})
88,0.03194060773480663,frozenset({'23207'})
89,0.030904696132596686,frozenset({'23344'})
90,0.019121201657458564,frozenset({'22489'})
91,0.01868957182320442,frozenset({'22561'})
92,0.01679040055248619,frozenset({'22560'})
93,0.0153228591160221,frozenset({'23351'})
94,0.016186118784530388,frozenset({'21137'})
95,0.012474102209944752,frozenset({'22179'})
96,0.011136049723756905,frozenset({'23118'})
97,0.011092886740331492,frozenset({'23571'})
98,0.09793680939226519,frozenset({'85123A'})
99,0.07281595303867404,frozenset({'47566'})
100,0.06763639502762431,frozenset({'20725'})
101,0.06288846685082873,frozenset({'84879'})
102,0.05706146408839779,frozenset({'21212'})
103,0.0549896408839779,frozenset({'20727'})
104,0.05110497237569061,frozenset({'21931'})
105,0.050155386740331494,frozenset({'22961'})
106,0.04963743093922652,frozenset({'20728'})
107,0.04946477900552486,frozenset({'23298'})
108,0.048903660220994474,frozenset({'22960'})
109,0.046313881215469616,frozenset({'22993'})
110,0.04601174033149171,frozenset({'22699'})
111,0.0447600138121547,frozenset({'22178'})
112,0.04471685082872928,frozenset({'23206'})
113,0.044630524861878455,frozenset({'20724'})
114,0.04393991712707182,frozenset({'20726'})
115,0.04381042817679558,frozenset({'22697'})
116,0.04290400552486188,frozenset({'23084'})
117,0.04221339779005525,frozenset({'23199'})
118,0.0402710635359116,frozenset({'85099C'})
119,0.0399689226519337,frozenset({'21790'})
120,0.039407803867403314,frozenset({'23301'})
121,0.03884668508287293,frozenset({'22629'})
122,0.03806975138121547,frozenset({'22355'})
123,0.03798342541436464,frozenset({'20914'})
124,0.037940262430939224,frozenset({'23202'})
125,0.03768128453038674,frozenset({'23245'})
126,0.03750863259668508,frozenset({'21977'})
127,0.03733598066298342,frozenset({'21929'})
128,0.03673169889502762,frozenset({'22630'})
129,0.03668853591160221,frozenset({'21731'})
130,0.036041091160220994,frozenset({'20719'})
131,0.03586843922651934,frozenset({'21232'})
132,0.035782113259668506,frozenset({'84991'})
133,0.03478936464088398,frozenset({'21928'})
134,0.03332182320441989,frozenset({'22558'})
135,0.033278660220994474,frozenset({'22111'})
136,0.03228591160220994,frozenset({'22379'})
137,0.03207009668508287,frozenset({'22356'})
138,0.031595303867403314,frozenset({'22326'})
139,0.03142265193370166,frozenset({'84978'})
140,0.03142265193370166,frozenset({'23284'})
141,0.031206837016574587,frozenset({'21166'})
142,0.03116367403314917,frozenset({'20723'})
143,0.030516229281767955,frozenset({'22659'})
144,0.03042990331491713,frozenset({'21930'})
145,0.03038674033149171,frozenset({'22554'})
146,0.02956664364640884,frozenset({'84378'})
147,0.02956664364640884,frozenset({'82484'})
148,0.029437154696132596,frozenset({'22662'})
149,0.02904868784530387,frozenset({'22551'})
150,0.028919198895027625,frozenset({'22907'})
151,0.028919198895027625,frozenset({'22966'})
152,0.028832872928176795,frozenset({'23208'})
153,0.028617058011049724,frozenset({'21213'})
154,0.028617058011049724,frozenset({'79321'})
155,0.028228591160220994,frozenset({'22865'})
156,0.02788328729281768,frozenset({'22969'})
157,0.027149516574585635,frozenset({'23307'})
158,0.02689053867403315,frozenset({'21485'})
159,0.02680421270718232,frozenset({'84755'})
160,0.02671788674033149,frozenset({'22952'})
161,0.02658839779005525,frozenset({'20972'})
162,0.026372582872928176,frozenset({'22083'})
163,0.02628625690607735,frozenset({'22621'})
164,0.026243093922651933,frozenset({'21791'})
165,0.026027279005524862,frozenset({'21914'})
166,0.026027279005524862,frozenset({'84970S'})
167,0.025681975138121548,frozenset({'23200'})
168,0.025379834254143648,frozenset({'21889'})
169,0.025379834254143648,frozenset({'84692'})
170,0.025164019337016574,frozenset({'23204'})
171,0.024861878453038673,frozenset({'20718'})
172,0.02481871546961326,frozenset({'21559'})
173,0.02443024861878453,frozenset({'22557'})
174,0.02425759668508287,frozenset({'23322'})
175,0.02421443370165746,frozenset({'22553'})
176,0.023912292817679558,frozenset({'22867'})
177,0.02382596685082873,frozenset({'22367'})
178,0.023696477900552487,frozenset({'22866'})
179,0.023480662983425413,frozenset({'22219'})
180,0.02335117403314917,frozenset({'21314'})
181,0.02322168508287293,frozenset({'21174'})
182,0.02322168508287293,frozenset({'22577'})
183,0.0231353591160221,frozenset({'22776'})
184,0.023005870165745856,frozenset({'22900'})
185,0.02291954419889503,frozenset({'21936'})
186,0.022876381215469612,frozenset({'21935'})
187,0.02274689226519337,frozenset({'22029'})
188,0.022531077348066298,frozenset({'20971'})
189,0.022401588397790054,frozenset({'85066'})
190,0.02235842541436464,frozenset({'15036'})
191,0.022315262430939228,frozenset({'84375'})
192,0.022228936464088397,frozenset({'22555'})
193,0.022099447513812154,frozenset({'22616'})
194,0.022099447513812154,frozenset({'22578'})
195,0.021279350828729282,frozenset({'22173'})
196,0.020934046961325968,frozenset({'22620'})
197,0.020545580110497237,frozenset({'23343'})
198,0.02037292817679558,frozenset({'22196'})
199,0.020200276243093923,frozenset({'21172'})
200,0.020200276243093923,frozenset({'22150'})
201,0.02015711325966851,frozenset({'23205'})
202,0.01985497237569061,frozenset({'22193'})
203,0.01976864640883978,frozenset({'22141'})
204,0.01968232044198895,frozenset({'35970'})
205,0.01929385359116022,frozenset({'22619'})
206,0.019250690607734808,frozenset({'21932'})
207,0.019164364640883978,frozenset({'22983'})
208,0.019164364640883978,frozenset({'23295'})
209,0.018862223756906077,frozenset({'84997B'})
210,0.018862223756906077,frozenset({'82582'})
211,0.018862223756906077,frozenset({'22748'})
212,0.018862223756906077,frozenset({'22951'})
213,0.01847375690607735,frozenset({'22725'})
214,0.018344267955801106,frozenset({'21993'})
215,0.018257941988950276,frozenset({'22745'})
216,0.018042127071823205,frozenset({'22988'})
217,0.017955801104972375,frozenset({'23173'})
218,0.01791263812154696,frozenset({'22488'})
219,0.017783149171270718,frozenset({'21558'})
220,0.017783149171270718,frozenset({'21892'})
221,0.017739986187845305,frozenset({'21934'})
222,0.01761049723756906,frozenset({'22996'})
223,0.017567334254143648,frozenset({'23309'})
224,0.017481008287292817,frozenset({'23328'})
225,0.017481008287292817,frozenset({'22694'})
226,0.01739468232044199,frozenset({'23319'})
227,0.017351519337016574,frozenset({'47590B'})
228,0.017351519337016574,frozenset({'21484'})
229,0.01730835635359116,frozenset({'23313'})
230,0.01722203038674033,frozenset({'22212'})
231,0.017135704419889503,frozenset({'23439'})
232,0.017049378453038673,frozenset({'22585'})
233,0.01700621546961326,frozenset({'21035'})
234,0.016963052486187846,frozenset({'21976'})
235,0.016963052486187846,frozenset({'22632'})
236,0.01648825966850829,frozenset({'23308'})
237,0.01644509668508287,frozenset({'23171'})
238,0.01644509668508287,frozenset({'22979'})
239,0.01631560773480663,frozenset({'22964'})
240,0.016099792817679558,frozenset({'22195'})
241,0.016099792817679558,frozenset({'85014B'})
242,0.016099792817679558,frozenset({'21900'})
243,0.016056629834254144,frozenset({'22989'})
244,0.015883977900552487,frozenset({'22795'})
245,0.015797651933701657,frozenset({'21990'})
246,0.015754488950276244,frozenset({'23103'})
247,0.015754488950276244,frozenset({'22898'})
248,0.015668162983425413,frozenset({'23241'})
249,0.015625,frozenset({'22027'})
250,0.015495511049723756,frozenset({'21982'})
251,0.015495511049723756,frozenset({'21916'})
252,0.015452348066298343,frozenset({'22348'})
253,0.015366022099447514,frozenset({'22549'})
254,0.0153228591160221,frozenset({'20973'})
255,0.015279696132596684,frozenset({'22037'})
256,0.015279696132596684,frozenset({'23294'})
257,0.015063881215469614,frozenset({'22992'})
258,0.01493439226519337,frozenset({'21328'})
259,0.014891229281767955,frozenset({'23311'})
260,0.014848066298342542,frozenset({'23077'})
261,0.014761740331491713,frozenset({'22962'})
262,0.014589088397790054,frozenset({'23581'})
263,0.014589088397790054,frozenset({'23349'})
264,0.014459599447513813,frozenset({'21989'})
265,0.014373273480662984,frozenset({'23188'})
266,0.014373273480662984,frozenset({'21876'})
267,0.014286947513812156,frozenset({'22273'})
268,0.014200621546961325,frozenset({'23175'})
269,0.014157458563535912,frozenset({'22654'})
270,0.014157458563535912,frozenset({'23353'})
271,0.014027969613259668,frozenset({'20979'})
272,0.014027969613259668,frozenset({'84997A'})
273,0.014027969613259668,frozenset({'23275'})
274,0.014027969613259668,frozenset({'23583'})
275,0.01394164364640884,frozenset({'23354'})
276,0.01394164364640884,frozenset({'21506'})
277,0.013898480662983425,frozenset({'22940'})
278,0.013855317679558011,frozenset({'22174'})
279,0.013768991712707183,frozenset({'23266'})
280,0.013768991712707183,frozenset({'22418'})
281,0.013682665745856354,frozenset({'85053'})
282,0.01355317679558011,frozenset({'22899'})
283,0.013510013812154695,frozenset({'21494'})
284,0.013466850828729282,frozenset({'22712'})
285,0.013423687845303867,frozenset({'22941'})
286,0.013337361878453038,frozenset({'21901'})
287,0.013337361878453038,frozenset({'23247'})
288,0.013337361878453038,frozenset({'85049G'})
289,0.01325103591160221,frozenset({'22963'})
290,0.013164709944751381,frozenset({'23172'})
291,0.012905732044198894,frozenset({'23264'})
292,0.012905732044198894,frozenset({'23196'})
293,0.01286256906077348,frozenset({'21980'})
294,0.012819406077348066,frozenset({'22109'})
295,0.012689917127071824,frozenset({'21703'})
296,0.012689917127071824,frozenset({'23323'})
297,0.012646754143646409,frozenset({'23265'})
298,0.012646754143646409,frozenset({'22378'})
299,0.012603591160220995,frozenset({'72741'})
300,0.01256042817679558,frozenset({'22980'})
301,0.01256042817679558,frozenset({'82567'})
302,0.012517265193370165,frozenset({'22327'})
303,0.012517265193370165,frozenset({'22751'})
304,0.012517265193370165,frozenset({'22817'})
305,0.012517265193370165,frozenset({'16237'})
306,0.012474102209944752,frozenset({'22227'})
307,0.012430939226519336,frozenset({'22716'})
308,0.012387776243093923,frozenset({'23332'})
309,0.012387776243093923,frozenset({'21329'})
310,0.012344613259668508,frozenset({'21259'})
311,0.012171961325966851,frozenset({'23367'})
312,0.012128798342541436,frozenset({'23191'})
313,0.012042472375690607,frozenset({'22110'})
314,0.011999309392265194,frozenset({'23052'})
315,0.011999309392265194,frozenset({'23234'})
316,0.011956146408839779,frozenset({'23076'})
317,0.011912983425414365,frozenset({'23570'})
318,0.011826657458563535,frozenset({'21509'})
319,0.011783494475138122,frozenset({'22602'})
320,0.011740331491712707,frozenset({'22419'})
321,0.011697168508287293,frozenset({'21981'})
322,0.011654005524861878,frozenset({'22361'})
323,0.011654005524861878,frozenset({'22819'})
324,0.01156767955801105,frozenset({'20983'})
325,0.01156767955801105,frozenset({'22815'})
326,0.011524516574585635,frozenset({'23177'})
327,0.011524516574585635,frozenset({'22798'})
328,0.011481353591160221,frozenset({'22816'})
329,0.011481353591160221,frozenset({'22995'})
330,0.011481353591160221,frozenset({'22754'})
331,0.011351864640883978,frozenset({'20978'})
332,0.011308701657458564,frozenset({'21507'})
333,0.011308701657458564,frozenset({'22028'})
334,0.011308701657458564,frozenset({'20970'})
335,0.011265538674033149,frozenset({'85199S'})
336,0.011265538674033149,frozenset({'21257'})
337,0.011265538674033149,frozenset({'85048'})
338,0.011222375690607736,frozenset({'23534'})
339,0.011049723756906077,frozenset({'22156'})
340,0.011049723756906077,frozenset({'23229'})
341,0.011006560773480664,frozenset({'23158'})
342,0.011006560773480664,frozenset({'22358'})
343,0.011006560773480664,frozenset({'23110'})
344,0.011006560773480664,frozenset({'22301'})
345,0.010963397790055248,frozenset({'22571'})
346,0.01087707182320442,frozenset({'21810'})
347,0.010790745856353591,frozenset({'22653'})
348,0.010704419889502763,frozenset({'21704'})
349,0.010704419889502763,frozenset({'21098'})
350,0.010661256906077348,frozenset({'22580'})
351,0.010618093922651934,frozenset({'23012'})
352,0.010618093922651934,frozenset({'23083'})
353,0.01057493093922652,frozenset({'23310'})
354,0.010531767955801106,frozenset({'22818'})
355,0.010531767955801106,frozenset({'21716'})
356,0.01048860497237569,frozenset({'21787'})
357,0.010445441988950276,frozenset({'22064'})
358,0.010445441988950276,frozenset({'22065'})
359,0.010402279005524862,frozenset({'23005'})
360,0.010402279005524862,frozenset({'23112'})
361,0.010402279005524862,frozenset({'21411'})
362,0.010315953038674034,frozenset({'51014A'})
363,0.010272790055248619,frozenset({'22329'})
364,0.010229627071823205,frozenset({'22965'})
365,0.010143301104972375,frozenset({'22814'})
366,0.010056975138121546,frozenset({'22741'})
367,0.010013812154696133,frozenset({'21890'})
368,0.010013812154696133,frozenset({'23368'})
369,0.010013812154696133,frozenset({'21967'})
370,0.01899171270718232,frozenset({'71459'})
371,0.014977555248618785,frozenset({'84945'})
372,0.014330110497237569,frozenset({'22151'})
373,0.011308701657458564,frozenset({'21108'})
374,0.02512085635359116,frozenset({'22328'})
375,0.024646063535911603,frozenset({'22556'})
376,0.010229627071823205,frozenset({'23389'})
377,0.08585117403314917,frozenset({'22423'})
378,0.033062845303867404,frozenset({'22698'})
379,0.02658839779005525,frozenset({'48138'})
380,0.02335117403314917,frozenset({'15056N'})
381,0.02166781767955801,frozenset({'21523'})
382,0.015063881215469614,frozenset({'21877'})
383,0.013207872928176795,frozenset({'23350'})
384,0.05550759668508287,frozenset({'22383'})
385,0.02628625690607735,frozenset({'82583'})
386,0.020545580110497237,frozenset({'23356'})
387,0.018862223756906077,frozenset({'21668'})
388,0.017653660220994474,frozenset({'21672'})
389,0.01670407458563536,frozenset({'21238'})
390,0.016186118784530388,frozenset({'21670'})
391,0.0159271408839779,frozenset({'21671'})
392,0.015754488950276244,frozenset({'21673'})
393,0.013121546961325966,frozenset({'21242'})
394,0.012430939226519336,frozenset({'22896'})
395,0.01225828729281768,frozenset({'22895'})
396,0.01186982044198895,frozenset({'22738'})
397,0.0525725138121547,frozenset({'22386'})
398,0.0474792817679558,frozenset({'82482'})
399,0.04704765193370166,frozenset({'22384'})
400,0.04122064917127072,frozenset({'22077'})
401,0.037249654696132596,frozenset({'20712'})
402,0.03599792817679558,frozenset({'22722'})
403,0.03358080110497238,frozenset({'21754'})
404,0.03086153314917127,frozenset({'22624'})
405,0.02904868784530387,frozenset({'21171'})
406,0.028358080110497237,frozenset({'20713'})
407,0.023480662983425413,frozenset({'22144'})
408,0.023264848066298343,frozenset({'21843'})
409,0.020934046961325968,frozenset({'21155'})
410,0.020804558011049724,frozenset({'22352'})
411,0.020631906077348067,frozenset({'85150'})
412,0.02058874309392265,frozenset({'21430'})
413,0.020545580110497237,frozenset({'22456'})
414,0.020243439226519336,frozenset({'22381'})
415,0.019811809392265192,frozenset({'22507'})
416,0.019595994475138122,frozenset({'22424'})
417,0.019466505524861878,frozenset({'85049E'})
418,0.019423342541436465,frozenset({'22663'})
419,0.01920752762430939,frozenset({'23170'})
420,0.018214779005524862,frozenset({'22734'})
421,0.017955801104972375,frozenset({'22844'})
422,0.01782631215469613,frozenset({'20717'})
423,0.017178867403314917,frozenset({'21912'})
424,0.01700621546961326,frozenset({'21218'})
425,0.01661774861878453,frozenset({'20750'})
426,0.016272444751381215,frozenset({'22429'})
427,0.016272444751381215,frozenset({'22142'})
428,0.01571132596685083,frozenset({'82552'})
429,0.015581837016574585,frozenset({'22041'})
430,0.015495511049723756,frozenset({'85049A'})
431,0.015193370165745856,frozenset({'22645'})
432,0.014848066298342542,frozenset({'21217'})
433,0.014675414364640885,frozenset({'22161'})
434,0.014373273480662984,frozenset({'71053'})
435,0.014071132596685083,frozenset({'20679'})
436,0.013639502762430939,frozenset({'22845'})
437,0.013510013812154695,frozenset({'84032A'})
438,0.01325103591160221,frozenset({'21239'})
439,0.01286256906077348,frozenset({'84509A'})
440,0.011610842541436465,frozenset({'84832'})
441,0.011524516574585635,frozenset({'22622'})
442,0.011265538674033149,frozenset({'22303'})
443,0.011092886740331492,frozenset({'23080'})
444,0.011006560773480664,frozenset({'84032B'})
445,0.01087707182320442,frozenset({'21327'})
446,0.02611360497237569,frozenset({'82486'})
447,0.02589779005524862,frozenset({'48187'})
448,0.01691988950276243,frozenset({'22646'})
449,0.011956146408839779,frozenset({'22644'})
450,0.010833908839779005,frozenset({'22755'})
451,0.01648825966850829,frozenset({'22171'})
452,0.029739295580110497,frozenset({'84380'})
453,0.018344267955801106,frozenset({'21669'})
454,0.0162292817679558,frozenset({'23318'})
455,0.014373273480662984,frozenset({'23320'})
456,0.01186982044198895,frozenset({'22991'})
457,0.02382596685082873,frozenset({'22625'})
458,0.015625,frozenset({'22627'})
459,0.015883977900552487,frozenset({'22834'})
460,0.013423687845303867,frozenset({'22505'})
461,0.027149516574585635,frozenset({'21755'})
462,0.01868957182320442,frozenset({'23182'})
463,0.011826657458563535,frozenset({'23238'})
464,0.01640193370165746,frozenset({'21121'})
465,0.016186118784530388,frozenset({'22908'})
466,0.0159271408839779,frozenset({'21918'})
467,0.014848066298342542,frozenset({'21122'})
468,0.010359116022099447,frozenset({'21124'})
469,0.0153228591160221,frozenset({'20974'})
470,0.01087707182320442,frozenset({'22906'})
471,0.02421443370165746,frozenset({'22113'})
472,0.010747582872928176,frozenset({'22398'})
473,0.03008459944751381,frozenset({'20685'})
474,0.015883977900552487,frozenset({'23256'})
475,0.012905732044198894,frozenset({'23254'})
476,0.029696132596685083,frozenset({'22385'})
477,0.025595649171270718,frozenset({'48194'})
478,0.015754488950276244,frozenset({'48185'})
479,0.012344613259668508,frozenset({'22690'})
480,0.01117921270718232,frozenset({'23582'})
481,0.010056975138121546,frozenset({'23283'})
482,0.047392955801104975,frozenset({'23209'})
483,0.042558701657458564,frozenset({'21080'})
484,0.03448722375690608,frozenset({'22090'})
485,0.026545234806629833,frozenset({'84992'})
486,0.025940953038674032,frozenset({'21975'})
487,0.02274689226519337,frozenset({'21094'})
488,0.02244475138121547,frozenset({'22417'})
489,0.02196995856353591,frozenset({'21231'})
490,0.01920752762430939,frozenset({'23263'})
491,0.019034875690607734,frozenset({'22771'})
492,0.018430593922651933,frozenset({'21891'})
493,0.018430593922651933,frozenset({'21985'})
494,0.01782631215469613,frozenset({'22750'})
495,0.017739986187845305,frozenset({'21933'})
496,0.01631560773480663,frozenset({'22297'})
497,0.016186118784530388,frozenset({'84030E'})
498,0.016099792817679558,frozenset({'22169'})
499,0.015452348066298343,frozenset({'21156'})
500,0.014114295580110497,frozenset({'23236'})
501,0.013898480662983425,frozenset({'23174'})
502,0.013725828729281768,frozenset({'22296'})
503,0.013725828729281768,frozenset({'22739'})
504,0.013682665745856354,frozenset({'22970'})
505,0.012905732044198894,frozenset({'22605'})
506,0.012905732044198894,frozenset({'22294'})
507,0.012776243093922652,frozenset({'22508'})
508,0.012344613259668508,frozenset({'21429'})
509,0.012128798342541436,frozenset({'22563'})
510,0.012085635359116022,frozenset({'22208'})
511,0.012085635359116022,frozenset({'21899'})
512,0.011826657458563535,frozenset({'23144'})
513,0.011524516574585635,frozenset({'22274'})
514,0.011092886740331492,frozenset({'23100'})
515,0.010618093922651934,frozenset({'47593B'})
516,0.010618093922651934,frozenset({'21519'})
517,0.01057493093922652,frozenset({'22494'})
518,0.010531767955801106,frozenset({'35961'})
519,0.010445441988950276,frozenset({'22920'})
520,0.010402279005524862,frozenset({'84792'})
521,0.010359116022099447,frozenset({'20682'})
522,0.010359116022099447,frozenset({'22917'})
523,0.010359116022099447,frozenset({'22919'})
524,0.010272790055248619,frozenset({'22918'})
525,0.010272790055248619,frozenset({'22978'})
526,0.010229627071823205,frozenset({'22916'})
527,0.04993957182320442,frozenset({'22382'})
528,0.03560946132596685,frozenset({'85099F'})
529,0.031983770718232045,frozenset({'21733'})
530,0.023092196132596686,frozenset({'84836'})
531,0.02261740331491713,frozenset({'22189'})
532,0.022013121546961327,frozenset({'84988'})
533,0.02175414364640884,frozenset({'22766'})
534,0.02136567679558011,frozenset({'47591D'})
535,0.01955283149171271,frozenset({'21210'})
536,0.01791263812154696,frozenset({'22191'})
537,0.01640193370165746,frozenset({'22752'})
538,0.015754488950276244,frozenset({'22192'})
539,0.014891229281767955,frozenset({'84536A'})
540,0.014373273480662984,frozenset({'20677'})
541,0.014286947513812156,frozenset({'10133'})
542,0.013682665745856354,frozenset({'21385'})
543,0.013164709944751381,frozenset({'82578'})
544,0.013164709944751381,frozenset({'20969'})
545,0.013078383977900553,frozenset({'22158'})
546,0.012905732044198894,frozenset({'22784'})
547,0.01256042817679558,frozenset({'22131'})
548,0.012517265193370165,frozenset({'84949'})
549,0.011697168508287293,frozenset({'22840'})
550,0.01117921270718232,frozenset({'22737'})
551,0.010963397790055248,frozenset({'22772'})
552,0.010618093922651934,frozenset({'84596G'})
553,0.010402279005524862,frozenset({'20828'})
554,0.010315953038674034,frozenset({'17003'})
555,0.010056975138121546,frozenset({'23329'})
556,0.011956146408839779,frozenset({'20992'})
557,0.01640193370165746,frozenset({'22492'})
558,0.014502762430939226,frozenset({'21498'})
559,0.011265538674033149,frozenset({'22534'})
560,0.010056975138121546,frozenset({'22530'})
561,0.011999309392265194,frozenset({'22846'})
562,0.04195441988950276,frozenset({'82494L'})
563,0.0399689226519337,frozenset({'22470'})
564,0.019337016574585635,frozenset({'22692'})
565,0.019337016574585635,frozenset({'20676'})
566,0.015538674033149171,frozenset({'21974'})
567,0.010100138121546962,frozenset({'22669'})
568,0.010013812154696133,frozenset({'22781'})
569,0.016747237569060772,frozenset({'21770'})
570,0.027149516574585635,frozenset({'23321'})
571,0.02045925414364641,frozenset({'22804'})
572,0.014027969613259668,frozenset({'21240'})
573,0.013898480662983425,frozenset({'20675'})
574,0.018516919889502763,frozenset({'22487'})
575,0.010272790055248619,frozenset({'23232'})
576,0.015452348066298343,frozenset({'22607'})
577,0.014157458563535912,frozenset({'22746'})
578,0.01156767955801105,frozenset({'23109'})
579,0.02015711325966851,frozenset({'22595'})
580,0.015625,frozenset({'20975'})
581,0.014891229281767955,frozenset({'23192'})
582,0.010661256906077348,frozenset({'23148'})
583,0.010229627071823205,frozenset({'22775'})
584,0.0234375,frozenset({'82483'})
585,0.03759495856353591,frozenset({'21034'})
586,0.020718232044198894,frozenset({'21524'})
587,0.011740331491712707,frozenset({'22971'})
588,0.014891229281767955,frozenset({'22668'})
589,0.012171961325966851,frozenset({'21164'})
590,0.0162292817679558,frozenset({'22847'})
591,0.010790745856353591,frozenset({'22295'})
592,0.011654005524861878,frozenset({'21756'})
593,0.010013812154696133,frozenset({'22796'})
594,0.017783149171270718,frozenset({'22413'})
595,0.015970303867403314,frozenset({'21136'})
596,0.017739986187845305,frozenset({'48184'})
597,0.011222375690607736,frozenset({'23231'})
598,0.01018646408839779,frozenset({'23230'})
599,0.011265538674033149,frozenset({'23147'})
600,0.016056629834254144,frozenset({'23108'})
601,0.018819060773480664,frozenset({'22084'})
602,0.013639502762430939,frozenset({'71477'})
603,0.01791263812154696,frozenset({'22661'})
604,0.01631560773480663,frozenset({'23296'})
605,0.015150207182320442,frozenset({'82551'})
606,0.014804903314917127,frozenset({'21535'})
607,0.011826657458563535,frozenset({'22030'})
608,0.014502762430939226,frozenset({'22431'})
609,0.011999309392265194,frozenset({'22432'})
610,0.010661256906077348,frozenset({'21531'})
611,0.01938017955801105,frozenset({'21165'})
612,0.017567334254143648,frozenset({'22499'})
613,0.010704419889502763,frozenset({'16161P'})
614,0.011092886740331492,frozenset({'23078'})
615,0.01394164364640884,frozenset({'22079'})
616,0.013682665745856354,frozenset({'22333'})
617,0.017653660220994474,frozenset({'22082'})
618,0.01256042817679558,frozenset({'21340'})
619,0.010143301104972375,frozenset({'23154'})
620,0.01018646408839779,frozenset({'22623'})
621,0.011481353591160221,frozenset({'22435'})
622,0.02028660220994475,frozenset({'22568'})
623,0.01584081491712707,frozenset({'21907'})
624,0.010056975138121546,frozenset({'23333'})
625,0.02857389502762431,frozenset({'21915'})
626,0.015107044198895027,frozenset({'22851'})
627,0.010359116022099447,frozenset({'21880'})
628,0.020502417127071824,frozenset({'21621'})
629,0.013596339779005526,frozenset({'23169'})
630,0.012603591160220995,frozenset({'85014A'})
631,0.011308701657458564,frozenset({'21428'})
632,0.01847375690607735,frozenset({'21086'})
633,0.016833563535911603,frozenset({'47590A'})
634,0.012387776243093923,frozenset({'48188'})
635,0.011783494475138122,frozenset({'22089'})
636,0.01640193370165746,frozenset({'21888'})
637,0.013035220994475138,frozenset({'21868'})
638,0.01225828729281768,frozenset({'84406B'})
639,0.014416436464088397,frozenset({'84987'})
640,0.011136049723756905,frozenset({'21116'})
641,0.011956146408839779,frozenset({'23306'})
642,0.010833908839779005,frozenset({'21937'})
643,0.02015711325966851,frozenset({'47566B'})
644,0.01920752762430939,frozenset({'22729'})
645,0.012517265193370165,frozenset({'21380'})
646,0.02076139502762431,frozenset({'22147'})
647,0.02257424033149171,frozenset({'20711'})
648,0.018214779005524862,frozenset({'22759'})
649,0.02196995856353591,frozenset({'22427'})
650,0.014589088397790054,frozenset({'22579'})
651,0.01424378453038674,frozenset({'22637'})
652,0.012992058011049724,frozenset({'22271'})
653,0.015581837016574585,frozenset({'22665'})
654,0.010315953038674034,frozenset({'22241'})
655,0.01057493093922652,frozenset({'21811'})
656,0.011006560773480664,frozenset({'21041'})
657,0.013121546961325966,frozenset({'20754'})
658,0.016660911602209946,frozenset({'22570'})
659,0.011697168508287293,frozenset({'22904'})
660,0.018819060773480664,frozenset({'21992'})
661,0.02015711325966851,frozenset({'22652'})
662,0.023610151933701657,frozenset({'22149'})
663,0.01929385359116022,frozenset({'22501'})
664,0.010315953038674034,frozenset({'21539'})
665,0.011049723756906077,frozenset({'84050'})
666,0.015020718232044199,frozenset({'22569'})
667,0.013510013812154695,frozenset({'21078'})
668,0.020027624309392266,frozenset({'22502'})
669,0.011481353591160221,frozenset({'21179'})
670,0.01294889502762431,frozenset({'21033'})
671,0.010229627071823205,frozenset({'22855'})
672,0.010272790055248619,frozenset({'22088'})
673,0.011136049723756905,"frozenset({'22138', '22139'})"
674,0.023566988950276244,"frozenset({'23300', '23301'})"
675,0.013812154696132596,"frozenset({'22197', '85123A'})"
676,0.01294889502762431,"frozenset({'20725', '22197'})"
677,0.010445441988950276,"frozenset({'22197', '47566'})"
678,0.011524516574585635,"frozenset({'22423', '22197'})"
679,0.017265193370165747,"frozenset({'22197', '85099B'})"
680,0.014027969613259668,"frozenset({'22720', '85123A'})"
681,0.010661256906077348,"frozenset({'22720', '47566'})"
682,0.013466850828729282,"frozenset({'22423', '22720'})"
683,0.013164709944751381,"frozenset({'22720', '85099B'})"
684,0.01700621546961326,"frozenset({'22720', '22666'})"
685,0.010704419889502763,"frozenset({'22197', '22666'})"
686,0.014459599447513813,"frozenset({'22666', '22960'})"
687,0.01424378453038674,"frozenset({'22961', '22666'})"
688,0.012905732044198894,"frozenset({'85123A', '22666'})"
689,0.011654005524861878,"frozenset({'21212', '22666'})"
690,0.010402279005524862,"frozenset({'20725', '22666'})"
691,0.010272790055248619,"frozenset({'22457', '22666'})"
692,0.01018646408839779,"frozenset({'22666', '47566'})"
693,0.012430939226519336,"frozenset({'85099B', '22666'})"
694,0.012819406077348066,"frozenset({'22423', '22666'})"
695,0.012085635359116022,"frozenset({'22727', '22423'})"
696,0.027624309392265192,"frozenset({'22727', '22726'})"
697,0.011006560773480664,"frozenset({'22423', '22726'})"
698,0.010013812154696133,"frozenset({'21181', '85123A'})"
699,0.012819406077348066,"frozenset({'21181', '21175'})"
700,0.02028660220994475,"frozenset({'22727', '22728'})"
701,0.018042127071823205,"frozenset({'22726', '22728'})"
702,0.013510013812154695,"frozenset({'22726', '22727', '22728'})"
703,0.012646754143646409,"frozenset({'85152', '21175'})"
704,0.010963397790055248,"frozenset({'21181', '85152'})"
705,0.012733080110497237,"frozenset({'85152', '21166'})"
706,0.016963052486187846,"frozenset({'22835', '22112'})"
707,0.014459599447513813,"frozenset({'22114', '22112'})"
708,0.011438190607734806,"frozenset({'22114', '22835'})"
709,0.011395027624309393,"frozenset({'23355', '22114'})"
710,0.016099792817679558,"frozenset({'22727', '22730'})"
711,0.014459599447513813,"frozenset({'22726', '22730'})"
712,0.011912983425414365,"frozenset({'22728', '22730'})"
713,0.011222375690607736,"frozenset({'22727', '22726', '22730'})"
714,0.011697168508287293,"frozenset({'23243', '22720'})"
715,0.015063881215469614,"frozenset({'84596F', '84596B'})"
716,0.012646754143646409,"frozenset({'21171', '82581'})"
717,0.01799896408839779,"frozenset({'22457', '85123A'})"
718,0.011092886740331492,"frozenset({'22457', '47566'})"
719,0.010445441988950276,"frozenset({'22197', '22457'})"
720,0.010229627071823205,"frozenset({'22720', '22457'})"
721,0.013768991712707183,"frozenset({'22457', '85099B'})"
722,0.010056975138121546,"frozenset({'22423', '22457'})"
723,0.012819406077348066,"frozenset({'22469', '22457'})"
724,0.01700621546961326,"frozenset({'22469', '85123A'})"
725,0.011092886740331492,"frozenset({'22469', '85099B'})"
726,0.011654005524861878,"frozenset({'22909', '22952'})"
727,0.010963397790055248,"frozenset({'22086', '22909'})"
728,0.010100138121546962,"frozenset({'22909', '22910'})"
729,0.012085635359116022,"frozenset({'84970L', '84970S'})"
730,0.011265538674033149,"frozenset({'84946', '22178'})"
731,0.010229627071823205,"frozenset({'84946', '85123A'})"
732,0.01286256906077348,"frozenset({'84997C', '84997D'})"
733,0.010056975138121546,"frozenset({'84997C', '84997B'})"
734,0.02261740331491713,"frozenset({'21931', '22411'})"
735,0.012344613259668508,"frozenset({'20725', '22411'})"
736,0.011912983425414365,"frozenset({'85123A', '22411'})"
737,0.010747582872928176,"frozenset({'22197', '22411'})"
738,0.02935082872928177,"frozenset({'85099B', '22411'})"
739,0.020200276243093923,"frozenset({'22386', '22411'})"
740,0.01355317679558011,"frozenset({'23203', '22411'})"
741,0.011395027624309393,"frozenset({'22383', '22411'})"
742,0.016833563535911603,"frozenset({'21931', '85099B', '22411'})"
743,0.01631560773480663,"frozenset({'22386', '85099B', '22411'})"
744,0.013337361878453038,"frozenset({'21931', '22386', '22411'})"
745,0.01156767955801105,"frozenset({'21931', '22386', '85099B', '22411'})"
746,0.011654005524861878,"frozenset({'23355', '22112'})"
747,0.01018646408839779,"frozenset({'22865', '22633'})"
748,0.014416436464088397,"frozenset({'22617', '22138'})"
749,0.019466505524861878,"frozenset({'85099B', '85123A'})"
750,0.02490504143646409,"frozenset({'23203', '85099B'})"
751,0.01156767955801105,"frozenset({'20727', '23203'})"
752,0.010661256906077348,"frozenset({'23203', '22383'})"
753,0.01394164364640884,"frozenset({'20725', '23203'})"
754,0.010833908839779005,"frozenset({'22086', '22197'})"
755,0.017869475138121548,"frozenset({'23201', '85099B'})"
756,0.015970303867403314,"frozenset({'23201', '23203'})"
757,0.016876726519337016,"frozenset({'23199', '23201'})"
758,0.012603591160220995,"frozenset({'23201', '21931'})"
759,0.011740331491712707,"frozenset({'23201', '22386'})"
760,0.011006560773480664,"frozenset({'23201', '22411'})"
761,0.010143301104972375,"frozenset({'23199', '23201', '85099B'})"
762,0.02382596685082873,"frozenset({'22086', '22910'})"
763,0.011136049723756905,"frozenset({'23201', '23207'})"
764,0.016099792817679558,"frozenset({'23207', '23206'})"
765,0.013812154696132596,"frozenset({'23207', '22383'})"
766,0.013078383977900553,"frozenset({'23207', '20727'})"
767,0.01286256906077348,"frozenset({'23207', '23209'})"
768,0.012171961325966851,"frozenset({'23207', '20728'})"
769,0.010833908839779005,"frozenset({'23207', '20726'})"
770,0.013380524861878454,"frozenset({'23207', '20725'})"
771,0.013121546961325966,"frozenset({'22382', '23207'})"
772,0.010920234806629835,"frozenset({'22384', '23207'})"
773,0.01117921270718232,"frozenset({'22086', '23344'})"
774,0.01117921270718232,"frozenset({'23203', '23344'})"
775,0.010920234806629835,"frozenset({'23344', '85099B'})"
776,0.016833563535911603,"frozenset({'85123A', '47566'})"
777,0.017049378453038673,"frozenset({'22423', '47566'})"
778,0.014157458563535912,"frozenset({'85099B', '47566'})"
779,0.014459599447513813,"frozenset({'20725', '85123A'})"
780,0.013812154696132596,"frozenset({'20725', '47566'})"
781,0.024991367403314917,"frozenset({'20725', '85099B'})"
782,0.011956146408839779,"frozenset({'22423', '20725'})"
783,0.013984806629834255,"frozenset({'84879', '85123A'})"
784,0.010143301104972375,"frozenset({'84879', '47566'})"
785,0.011654005524861878,"frozenset({'84879', '22423'})"
786,0.015020718232044199,"frozenset({'20725', '21212'})"
787,0.013121546961325966,"frozenset({'21212', '47566'})"
788,0.012992058011049724,"frozenset({'22197', '21212'})"
789,0.011740331491712707,"frozenset({'21212', '85123A'})"
790,0.01057493093922652,"frozenset({'22720', '21212'})"
791,0.015452348066298343,"frozenset({'22423', '21212'})"
792,0.01424378453038674,"frozenset({'21212', '85099B'})"
793,0.027710635359116022,"frozenset({'20725', '20727'})"
794,0.012085635359116022,"frozenset({'20727', '21212'})"
795,0.01156767955801105,"frozenset({'20727', '85123A'})"
796,0.011092886740331492,"frozenset({'22197', '20727'})"
797,0.010833908839779005,"frozenset({'20727', '47566'})"
798,0.025250345303867404,"frozenset({'20727', '22383'})"
799,0.01018646408839779,"frozenset({'22423', '20727'})"
800,0.0162292817679558,"frozenset({'20727', '85099B'})"
801,0.015495511049723756,"frozenset({'20725', '20727', '22383'})"
802,0.010143301104972375,"frozenset({'20725', '20727', '85099B'})"
803,0.014761740331491713,"frozenset({'21931', '20725'})"
804,0.013164709944751381,"frozenset({'21931', '85123A'})"
805,0.012171961325966851,"frozenset({'21931', '20727'})"
806,0.011783494475138122,"frozenset({'21931', '22197'})"
807,0.03125,"frozenset({'21931', '85099B'})"
808,0.022228936464088397,"frozenset({'21931', '22386'})"
809,0.01571132596685083,"frozenset({'21931', '22383'})"
810,0.013510013812154695,"frozenset({'21931', '23203'})"
811,0.010359116022099447,"frozenset({'21931', '20725', '85099B'})"
812,0.01782631215469613,"frozenset({'21931', '22386', '85099B'})"
813,0.014977555248618785,"frozenset({'22961', '22720'})"
814,0.011783494475138122,"frozenset({'22961', '21212'})"
815,0.011740331491712707,"frozenset({'22961', '85123A'})"
816,0.011351864640883978,"frozenset({'22961', '22197'})"
817,0.010272790055248619,"frozenset({'22961', '22457'})"
818,0.013337361878453038,"frozenset({'22961', '85099B'})"
819,0.012733080110497237,"frozenset({'22423', '22961'})"
820,0.02395545580110497,"frozenset({'20725', '20728'})"
821,0.022531077348066298,"frozenset({'20727', '20728'})"
822,0.010790745856353591,"frozenset({'20728', '85123A'})"
823,0.010359116022099447,"frozenset({'21931', '20728'})"
824,0.014027969613259668,"frozenset({'20728', '85099B'})"
825,0.023264848066298343,"frozenset({'20728', '22383'})"
826,0.020847720994475138,"frozenset({'22382', '20728'})"
827,0.01394164364640884,"frozenset({'20725', '20727', '20728'})"
828,0.013596339779005526,"frozenset({'20727', '20728', '22383'})"
829,0.01463225138121547,"frozenset({'20725', '20728', '22383'})"
830,0.01294889502762431,"frozenset({'22382', '20728', '22383'})"
831,0.012689917127071824,"frozenset({'22382', '20725', '20728'})"
832,0.012301450276243095,"frozenset({'22382', '20727', '20728'})"
833,0.020847720994475138,"frozenset({'23298', '47566'})"
834,0.01087707182320442,"frozenset({'23298', '23203'})"
835,0.02037292817679558,"frozenset({'22961', '22960'})"
836,0.01640193370165746,"frozenset({'22720', '22960'})"
837,0.011654005524861878,"frozenset({'85123A', '22960'})"
838,0.011438190607734806,"frozenset({'21212', '22960'})"
839,0.010402279005524862,"frozenset({'22457', '22960'})"
840,0.012387776243093923,"frozenset({'85099B', '22960'})"
841,0.012387776243093923,"frozenset({'22423', '22960'})"
842,0.013337361878453038,"frozenset({'22993', '22960'})"
843,0.01286256906077348,"frozenset({'22720', '22993'})"
844,0.011956146408839779,"frozenset({'22961', '22993'})"
845,0.011912983425414365,"frozenset({'22993', '22666'})"
846,0.011481353591160221,"frozenset({'22993', '85123A'})"
847,0.010790745856353591,"frozenset({'21212', '22993'})"
848,0.010402279005524862,"frozenset({'22197', '22993'})"
849,0.011481353591160221,"frozenset({'22993', '85099B'})"
850,0.011265538674033149,"frozenset({'22699', '85123A'})"
851,0.010833908839779005,"frozenset({'22699', '22960'})"
852,0.010315953038674034,"frozenset({'22961', '22699'})"
853,0.010229627071823205,"frozenset({'22720', '22699'})"
854,0.02266056629834254,"frozenset({'22423', '22699'})"
855,0.011049723756906077,"frozenset({'22699', '85099B'})"
856,0.012474102209944752,"frozenset({'22178', '85123A'})"
857,0.01018646408839779,"frozenset({'22178', '22457'})"
858,0.010013812154696133,"frozenset({'22178', '85099B'})"
859,0.021020372928176795,"frozenset({'20725', '23206'})"
860,0.01791263812154696,"frozenset({'20727', '23206'})"
861,0.01584081491712707,"frozenset({'20728', '23206'})"
862,0.01057493093922652,"frozenset({'23206', '47566'})"
863,0.01938017955801105,"frozenset({'23206', '22383'})"
864,0.019034875690607734,"frozenset({'23206', '23209'})"
865,0.013164709944751381,"frozenset({'23206', '23203'})"
866,0.012776243093922652,"frozenset({'23206', '85099B'})"
867,0.016963052486187846,"frozenset({'22382', '23206'})"
868,0.015063881215469614,"frozenset({'22384', '23206'})"
869,0.011740331491712707,"frozenset({'20725', '20727', '23206'})"
870,0.01156767955801105,"frozenset({'20727', '23206', '22383'})"
871,0.010445441988950276,"frozenset({'20728', '23206', '22383'})"
872,0.012171961325966851,"frozenset({'20725', '23206', '22383'})"
873,0.011006560773480664,"frozenset({'20725', '23206', '23209'})"
874,0.010747582872928176,"frozenset({'22382', '20725', '23206'})"
875,0.010359116022099447,"frozenset({'22382', '23206', '22383'})"
876,0.010056975138121546,"frozenset({'22382', '20727', '23206'})"
877,0.010272790055248619,"frozenset({'22384', '20725', '23206'})"
878,0.01700621546961326,"frozenset({'20725', '20724'})"
879,0.015193370165745856,"frozenset({'20724', '20727'})"
880,0.013812154696132596,"frozenset({'20724', '21212'})"
881,0.013164709944751381,"frozenset({'20724', '20728'})"
882,0.011956146408839779,"frozenset({'21931', '20724'})"
883,0.011740331491712707,"frozenset({'20724', '23206'})"
884,0.011524516574585635,"frozenset({'20724', '22197'})"
885,0.011524516574585635,"frozenset({'20724', '47566'})"
886,0.010100138121546962,"frozenset({'20724', '85123A'})"
887,0.013855317679558011,"frozenset({'20724', '22383'})"
888,0.011092886740331492,"frozenset({'22423', '20724'})"
889,0.01838743093922652,"frozenset({'20724', '85099B'})"
890,0.012517265193370165,"frozenset({'22382', '20724'})"
891,0.01186982044198895,"frozenset({'22384', '20724'})"
892,0.010013812154696133,"frozenset({'20724', '23203'})"
893,0.010359116022099447,"frozenset({'22386', '20724'})"
894,0.022703729281767955,"frozenset({'20725', '20726'})"
895,0.019337016574585635,"frozenset({'20728', '20726'})"
896,0.019164364640883978,"frozenset({'20727', '20726'})"
897,0.0159271408839779,"frozenset({'23206', '20726'})"
898,0.011351864640883978,"frozenset({'20724', '20726'})"
899,0.01709254143646409,"frozenset({'22384', '20726'})"
900,0.012517265193370165,"frozenset({'20726', '85099B'})"
901,0.01938017955801105,"frozenset({'20726', '22383'})"
902,0.012819406077348066,"frozenset({'23209', '20726'})"
903,0.02067506906077348,"frozenset({'22382', '20726'})"
904,0.011999309392265194,"frozenset({'20725', '20728', '20726'})"
905,0.011092886740331492,"frozenset({'20728', '20726', '22383'})"
906,0.011265538674033149,"frozenset({'22382', '20728', '20726'})"
907,0.012430939226519336,"frozenset({'20725', '20727', '20726'})"
908,0.011049723756906077,"frozenset({'20727', '20728', '20726'})"
909,0.011654005524861878,"frozenset({'20727', '20726', '22383'})"
910,0.011308701657458564,"frozenset({'22382', '20727', '20726'})"
911,0.01018646408839779,"frozenset({'20725', '23206', '20726'})"
912,0.010272790055248619,"frozenset({'22384', '20728', '20726'})"
913,0.012215124309392264,"frozenset({'22384', '20725', '20726'})"
914,0.010618093922651934,"frozenset({'22384', '20727', '20726'})"
915,0.010315953038674034,"frozenset({'22382', '20726', '22384'})"
916,0.010229627071823205,"frozenset({'22384', '20726', '22383'})"
917,0.013423687845303867,"frozenset({'20725', '20726', '22383'})"
918,0.011222375690607736,"frozenset({'22382', '20726', '22383'})"
919,0.013164709944751381,"frozenset({'22382', '20725', '20726'})"
920,0.03314917127071823,"frozenset({'22697', '22699'})"
921,0.011654005524861878,"frozenset({'22697', '85123A'})"
922,0.011222375690607736,"frozenset({'22697', '22960'})"
923,0.011006560773480664,"frozenset({'22697', '22961'})"
924,0.010100138121546962,"frozenset({'22697', '47566'})"
925,0.02196995856353591,"frozenset({'22423', '22697'})"
926,0.011654005524861878,"frozenset({'22697', '85099B'})"
927,0.01761049723756906,"frozenset({'22423', '22697', '22699'})"
928,0.0162292817679558,"frozenset({'23199', '21931'})"
929,0.015754488950276244,"frozenset({'23199', '23206'})"
930,0.014373273480662984,"frozenset({'23199', '22411'})"
931,0.011697168508287293,"frozenset({'23199', '20725'})"
932,0.023566988950276244,"frozenset({'23199', '85099B'})"
933,0.015754488950276244,"frozenset({'23199', '22386'})"
934,0.018430593922651933,"frozenset({'23199', '23203'})"
935,0.011438190607734806,"frozenset({'23199', '23209'})"
936,0.010143301104972375,"frozenset({'23199', '22383'})"
937,0.012128798342541436,"frozenset({'23199', '21931', '85099B'})"
938,0.010618093922651934,"frozenset({'23199', '85099B', '22411'})"
939,0.012474102209944752,"frozenset({'23199', '22386', '85099B'})"
940,0.011395027624309393,"frozenset({'23199', '23203', '85099B'})"
941,0.018214779005524862,"frozenset({'21931', '85099C'})"
942,0.01817161602209945,"frozenset({'85099C', '22411'})"
943,0.01225828729281768,"frozenset({'23199', '85099C'})"
944,0.01117921270718232,"frozenset({'20725', '85099C'})"
945,0.025250345303867404,"frozenset({'85099C', '85099B'})"
946,0.017869475138121548,"frozenset({'22386', '85099C'})"
947,0.013725828729281768,"frozenset({'21931', '85099C', '85099B'})"
948,0.01057493093922652,"frozenset({'21931', '85099C', '22411'})"
949,0.013423687845303867,"frozenset({'85099C', '85099B', '22411'})"
950,0.014027969613259668,"frozenset({'22386', '85099C', '85099B'})"
951,0.010402279005524862,"frozenset({'22386', '85099C', '22411'})"
952,0.01018646408839779,"frozenset({'21931', '22386', '85099C'})"
953,0.010272790055248619,"frozenset({'23301', '85099B'})"
954,0.010963397790055248,"frozenset({'22629', '85099B'})"
955,0.010402279005524862,"frozenset({'22382', '22629'})"
956,0.021883632596685083,"frozenset({'20724', '22355'})"
957,0.014891229281767955,"frozenset({'20725', '22355'})"
958,0.013164709944751381,"frozenset({'20727', '22355'})"
959,0.012128798342541436,"frozenset({'21931', '22355'})"
960,0.011783494475138122,"frozenset({'21212', '22355'})"
961,0.011740331491712707,"frozenset({'20728', '22355'})"
962,0.010747582872928176,"frozenset({'22355', '47566'})"
963,0.010618093922651934,"frozenset({'23206', '22355'})"
964,0.010618093922651934,"frozenset({'22197', '22355'})"
965,0.01057493093922652,"frozenset({'20726', '22355'})"
966,0.014416436464088397,"frozenset({'22355', '22383'})"
967,0.010100138121546962,"frozenset({'22423', '22355'})"
968,0.013984806629834255,"frozenset({'85099B', '22355'})"
969,0.010661256906077348,"frozenset({'22382', '22355'})"
970,0.01117921270718232,"frozenset({'20724', '20725', '22355'})"
971,0.01048860497237569,"frozenset({'20914', '85123A'})"
972,0.01571132596685083,"frozenset({'23199', '23202'})"
973,0.011524516574585635,"frozenset({'21931', '23202'})"
974,0.011092886740331492,"frozenset({'23202', '22411'})"
975,0.010100138121546962,"frozenset({'23206', '23202'})"
976,0.010100138121546962,"frozenset({'20725', '23202'})"
977,0.018344267955801106,"frozenset({'85099B', '23202'})"
978,0.02227209944751381,"frozenset({'23203', '23202'})"
979,0.013682665745856354,"frozenset({'23201', '23202'})"
980,0.012733080110497237,"frozenset({'23209', '23202'})"
981,0.010359116022099447,"frozenset({'22386', '23202'})"
982,0.010963397790055248,"frozenset({'23199', '23203', '23202'})"
983,0.012689917127071824,"frozenset({'23203', '85099B', '23202'})"
984,0.010618093922651934,"frozenset({'23203', '23209', '23202'})"
985,0.011740331491712707,"frozenset({'22720', '23245'})"
986,0.013294198895027625,"frozenset({'22423', '23245'})"
987,0.018560082872928176,"frozenset({'21977', '21212'})"
988,0.010013812154696133,"frozenset({'21977', '85099B'})"
989,0.01799896408839779,"frozenset({'21929', '22411'})"
990,0.015797651933701657,"frozenset({'21931', '21929'})"
991,0.01186982044198895,"frozenset({'21929', '85099C'})"
992,0.010833908839779005,"frozenset({'23199', '21929'})"
993,0.01048860497237569,"frozenset({'21929', '20725'})"
994,0.016358770718232045,"frozenset({'21929', '22386'})"
995,0.02235842541436464,"frozenset({'21929', '85099B'})"
996,0.010445441988950276,"frozenset({'21929', '23203'})"
997,0.01256042817679558,"frozenset({'21929', '85099B', '22411'})"
998,0.010272790055248619,"frozenset({'21931', '21929', '22411'})"
999,0.011610842541436465,"frozenset({'21931', '21929', '85099B'})"
1000,0.010056975138121546,"frozenset({'21929', '22386', '22411'})"
1001,0.012733080110497237,"frozenset({'21929', '22386', '85099B'})"
1002,0.02322168508287293,"frozenset({'22629', '22630'})"
1003,0.010920234806629835,"frozenset({'22630', '85099B'})"
1004,0.01286256906077348,"frozenset({'85099B', '21731'})"
1005,0.02184046961325967,"frozenset({'20724', '20719'})"
1006,0.01968232044198895,"frozenset({'20719', '22355'})"
1007,0.013337361878453038,"frozenset({'20725', '20719'})"
1008,0.012301450276243095,"frozenset({'20719', '20727'})"
1009,0.012085635359116022,"frozenset({'20719', '20726'})"
1010,0.011999309392265194,"frozenset({'20719', '21212'})"
1011,0.011351864640883978,"frozenset({'20719', '20728'})"
1012,0.011826657458563535,"frozenset({'20719', '22383'})"
1013,0.011222375690607736,"frozenset({'22423', '20719'})"
1014,0.01294889502762431,"frozenset({'20719', '85099B'})"
1015,0.010100138121546962,"frozenset({'22382', '20719'})"
1016,0.014502762430939226,"frozenset({'20724', '20719', '22355'})"
1017,0.011222375690607736,"frozenset({'85123A', '21232'})"
1018,0.019595994475138122,"frozenset({'84991', '21212'})"
1019,0.015279696132596684,"frozenset({'84991', '21977'})"
1020,0.017351519337016574,"frozenset({'21928', '22411'})"
1021,0.01722203038674033,"frozenset({'21929', '21928'})"
1022,0.015366022099447514,"frozenset({'21931', '21928'})"
1023,0.013207872928176795,"frozenset({'85099C', '21928'})"
1024,0.010790745856353591,"frozenset({'23199', '21928'})"
1025,0.02335117403314917,"frozenset({'85099B', '21928'})"
1026,0.01648825966850829,"frozenset({'22386', '21928'})"
1027,0.011912983425414365,"frozenset({'20712', '21928'})"
1028,0.010143301104972375,"frozenset({'23203', '21928'})"
1029,0.01057493093922652,"frozenset({'85099F', '21928'})"
1030,0.013510013812154695,"frozenset({'21928', '85099B', '22411'})"
1031,0.012387776243093923,"frozenset({'21929', '85099B', '21928'})"
1032,0.010704419889502763,"frozenset({'21931', '21928', '22411'})"
1033,0.012215124309392264,"frozenset({'21931', '85099B', '21928'})"
1034,0.01087707182320442,"frozenset({'85099C', '85099B', '21928'})"
1035,0.013768991712707183,"frozenset({'22386', '85099B', '21928'})"
1036,0.010229627071823205,"frozenset({'21928', '22386', '22411'})"
1037,0.013423687845303867,"frozenset({'22111', '22112'})"
1038,0.012776243093922652,"frozenset({'21931', '22379'})"
1039,0.011136049723756905,"frozenset({'22379', '22411'})"
1040,0.010531767955801106,"frozenset({'20725', '22379'})"
1041,0.01791263812154696,"frozenset({'22379', '85099B'})"
1042,0.012905732044198894,"frozenset({'22386', '22379'})"
1043,0.011826657458563535,"frozenset({'20712', '22379'})"
1044,0.01048860497237569,"frozenset({'22386', '85099B', '22379'})"
1045,0.022531077348066298,"frozenset({'20724', '22356'})"
1046,0.01769682320441989,"frozenset({'22356', '22355'})"
1047,0.017049378453038673,"frozenset({'20719', '22356'})"
1048,0.013078383977900553,"frozenset({'20725', '22356'})"
1049,0.011697168508287293,"frozenset({'20727', '22356'})"
1050,0.011136049723756905,"frozenset({'21212', '22356'})"
1051,0.01087707182320442,"frozenset({'20728', '22356'})"
1052,0.01087707182320442,"frozenset({'22356', '22383'})"
1053,0.012085635359116022,"frozenset({'22356', '85099B'})"
1054,0.010833908839779005,"frozenset({'22384', '22356'})"
1055,0.010013812154696133,"frozenset({'22382', '22356'})"
1056,0.014200621546961325,"frozenset({'20724', '22356', '22355'})"
1057,0.014027969613259668,"frozenset({'20724', '20719', '22356'})"
1058,0.012603591160220995,"frozenset({'20719', '22356', '22355'})"
1059,0.010833908839779005,"frozenset({'20724', '20719', '22356', '22355'})"
1060,0.010359116022099447,"frozenset({'20725', '22356', '20724'})"
1061,0.014157458563535912,"frozenset({'21166', '21175'})"
1062,0.012992058011049724,"frozenset({'21181', '21166'})"
1063,0.02097720994475138,"frozenset({'20724', '20723'})"
1064,0.01791263812154696,"frozenset({'20723', '22355'})"
1065,0.01752417127071823,"frozenset({'20719', '20723'})"
1066,0.016358770718232045,"frozenset({'22356', '20723'})"
1067,0.012992058011049724,"frozenset({'20725', '20723'})"
1068,0.012128798342541436,"frozenset({'20727', '20723'})"
1069,0.011524516574585635,"frozenset({'20728', '20723'})"
1070,0.010963397790055248,"frozenset({'21212', '20723'})"
1071,0.01087707182320442,"frozenset({'20723', '22383'})"
1072,0.011438190607734806,"frozenset({'85099B', '20723'})"
1073,0.010100138121546962,"frozenset({'22382', '20723'})"
1074,0.014416436464088397,"frozenset({'20724', '20723', '22355'})"
1075,0.014114295580110497,"frozenset({'20724', '20719', '20723'})"
1076,0.013078383977900553,"frozenset({'20719', '20723', '22355'})"
1077,0.011222375690607736,"frozenset({'20724', '20719', '20723', '22355'})"
1078,0.014071132596685083,"frozenset({'20724', '22356', '20723'})"
1079,0.011697168508287293,"frozenset({'22356', '20723', '22355'})"
1080,0.011351864640883978,"frozenset({'20719', '22356', '20723'})"
1081,0.01057493093922652,"frozenset({'20724', '22356', '20723', '22355'})"
1082,0.010445441988950276,"frozenset({'20724', '20719', '22356', '20723'})"
1083,0.011481353591160221,"frozenset({'22659', '22629'})"
1084,0.011049723756906077,"frozenset({'22659', '22630'})"
1085,0.01584081491712707,"frozenset({'21931', '21930'})"
1086,0.012992058011049724,"frozenset({'21930', '22411'})"
1087,0.011438190607734806,"frozenset({'21930', '85099C'})"
1088,0.011222375690607736,"frozenset({'20727', '21930'})"
1089,0.010747582872928176,"frozenset({'21929', '21930'})"
1090,0.01048860497237569,"frozenset({'23199', '21930'})"
1091,0.017869475138121548,"frozenset({'21930', '85099B'})"
1092,0.014286947513812156,"frozenset({'22386', '21930'})"
1093,0.012042472375690607,"frozenset({'21930', '20712'})"
1094,0.01117921270718232,"frozenset({'21931', '21930', '85099B'})"
1095,0.011006560773480664,"frozenset({'22386', '21930', '85099B'})"
1096,0.013423687845303867,"frozenset({'84380', '84378'})"
1097,0.015452348066298343,"frozenset({'22662', '20725'})"
1098,0.013035220994475138,"frozenset({'22662', '20727'})"
1099,0.012301450276243095,"frozenset({'22662', '20726'})"
1100,0.01186982044198895,"frozenset({'22662', '20728'})"
1101,0.010013812154696133,"frozenset({'22662', '23206'})"
1102,0.016747237569060772,"frozenset({'22382', '22662'})"
1103,0.011438190607734806,"frozenset({'22384', '22662'})"
1104,0.014589088397790054,"frozenset({'22662', '22383'})"
1105,0.010100138121546962,"frozenset({'22382', '22662', '20725'})"
1106,0.014675414364640885,"frozenset({'22554', '22551'})"
1107,0.015581837016574585,"frozenset({'23206', '23208'})"
1108,0.013164709944751381,"frozenset({'20725', '23208'})"
1109,0.012646754143646409,"frozenset({'20727', '23208'})"
1110,0.010315953038674034,"frozenset({'20728', '23208'})"
1111,0.010143301104972375,"frozenset({'23202', '23208'})"
1112,0.012776243093922652,"frozenset({'23208', '22383'})"
1113,0.012042472375690607,"frozenset({'23207', '23208'})"
1114,0.014761740331491713,"frozenset({'23209', '23208'})"
1115,0.011351864640883978,"frozenset({'22382', '23208'})"
1116,0.016099792817679558,"frozenset({'21213', '21212'})"
1117,0.010747582872928176,"frozenset({'84991', '21213'})"
1118,0.010143301104972375,"frozenset({'23307', '21212'})"
1119,0.011481353591160221,"frozenset({'22111', '21485'})"
1120,0.010531767955801106,"frozenset({'21485', '22112'})"
1121,0.011697168508287293,"frozenset({'22086', '22952'})"
1122,0.010790745856353591,"frozenset({'22952', '22910'})"
1123,0.014761740331491713,"frozenset({'21790', '21791'})"
1124,0.013639502762430939,"frozenset({'21915', '21914'})"
1125,0.01752417127071823,"frozenset({'23199', '23200'})"
1126,0.01355317679558011,"frozenset({'23200', '23202'})"
1127,0.015970303867403314,"frozenset({'23203', '23200'})"
1128,0.012517265193370165,"frozenset({'23200', '85099B'})"
1129,0.010445441988950276,"frozenset({'23199', '23200', '23202'})"
1130,0.010013812154696133,"frozenset({'23203', '23200', '23202'})"
1131,0.011610842541436465,"frozenset({'23199', '23203', '23200'})"
1132,0.01018646408839779,"frozenset({'21889', '21790'})"
1133,0.014200621546961325,"frozenset({'23204', '20724'})"
1134,0.01294889502762431,"frozenset({'23204', '22355'})"
1135,0.012517265193370165,"frozenset({'23204', '20719'})"
1136,0.012344613259668508,"frozenset({'23204', '23206'})"
1137,0.011136049723756905,"frozenset({'23204', '20723'})"
1138,0.010747582872928176,"frozenset({'23204', '22356'})"
1139,0.010229627071823205,"frozenset({'23204', '23199'})"
1140,0.012430939226519336,"frozenset({'20718', '85099B'})"
1141,0.010143301104972375,"frozenset({'22554', '22557'})"
1142,0.01286256906077348,"frozenset({'23322', '23321'})"
1143,0.010056975138121546,"frozenset({'22553', '22554'})"
1144,0.013423687845303867,"frozenset({'22865', '22867'})"
1145,0.014459599447513813,"frozenset({'22865', '22866'})"
1146,0.012301450276243095,"frozenset({'22866', '22867'})"
1147,0.010359116022099447,"frozenset({'21936', '85099B'})"
1148,0.010143301104972375,"frozenset({'21931', '21935'})"
1149,0.012171961325966851,"frozenset({'85099B', '21935'})"
1150,0.011654005524861878,"frozenset({'20971', '20972'})"
1151,0.010272790055248619,"frozenset({'22554', '22555'})"
1152,0.010359116022099447,"frozenset({'22555', '22556'})"
1153,0.016747237569060772,"frozenset({'22577', '22578'})"
1154,0.013898480662983425,"frozenset({'23343', '23344'})"
1155,0.01087707182320442,"frozenset({'23205', '20724'})"
1156,0.010531767955801106,"frozenset({'23204', '23205'})"
1157,0.010531767955801106,"frozenset({'23205', '22355'})"
1158,0.011912983425414365,"frozenset({'22144', '22141'})"
1159,0.013207872928176795,"frozenset({'23295', '23293'})"
1160,0.011395027624309393,"frozenset({'84997D', '84997B'})"
1161,0.010445441988950276,"frozenset({'22951', '21212'})"
1162,0.012603591160220995,"frozenset({'22727', '22725'})"
1163,0.011956146408839779,"frozenset({'22726', '22725'})"
1164,0.013510013812154695,"frozenset({'22745', '22748'})"
1165,0.010229627071823205,"frozenset({'23173', '22699'})"
1166,0.011006560773480664,"frozenset({'21935', '21934'})"
1167,0.010056975138121546,"frozenset({'21976', '21212'})"
1168,0.01048860497237569,"frozenset({'23171', '22697'})"
1169,0.013768991712707183,"frozenset({'23171', '23170'})"
1170,0.010920234806629835,"frozenset({'23294', '23293'})"
1171,0.010143301104972375,"frozenset({'23295', '23294'})"
1172,0.011999309392265194,"frozenset({'23171', '23172'})"
1173,0.011610842541436465,"frozenset({'23172', '23170'})"
1174,0.011006560773480664,"frozenset({'23171', '23172', '23170'})"
1175,0.013294198895027625,"frozenset({'22328', '22326'})"
1176,0.012215124309392264,"frozenset({'22554', '22556'})"
1177,0.011610842541436465,"frozenset({'22556', '22551'})"
1178,0.015409185082872928,"frozenset({'22423', '85123A'})"
1179,0.012344613259668508,"frozenset({'22423', '85099B'})"
1180,0.02732216850828729,"frozenset({'22697', '22698'})"
1181,0.025854627071823205,"frozenset({'22698', '22699'})"
1182,0.01691988950276243,"frozenset({'22423', '22698'})"
1183,0.023394337016574587,"frozenset({'22697', '22698', '22699'})"
1184,0.014804903314917127,"frozenset({'22423', '22697', '22698'})"
1185,0.014286947513812156,"frozenset({'22423', '22698', '22699'})"
1186,0.012992058011049724,"frozenset({'22423', '22697', '22698', '22699'})"
1187,0.01225828729281768,"frozenset({'22383', '47566'})"
1188,0.011610842541436465,"frozenset({'22197', '22383'})"
1189,0.010920234806629835,"frozenset({'21212', '22383'})"
1190,0.017481008287292817,"frozenset({'85099B', '22383'})"
1191,0.011826657458563535,"frozenset({'85123A', '22383'})"
1192,0.028314917127071824,"frozenset({'20725', '22383'})"
1193,0.010790745856353591,"frozenset({'20725', '85099B', '22383'})"
1194,0.01018646408839779,"frozenset({'23355', '23356'})"
1195,0.010056975138121546,"frozenset({'21668', '21672'})"
1196,0.010056975138121546,"frozenset({'21668', '21671'})"
1197,0.03560946132596685,"frozenset({'22386', '85099B'})"
1198,0.011136049723756905,"frozenset({'22386', '85123A'})"
1199,0.01394164364640884,"frozenset({'22386', '20725'})"
1200,0.013855317679558011,"frozenset({'22386', '23203'})"
1201,0.011049723756906077,"frozenset({'22386', '20727'})"
1202,0.011481353591160221,"frozenset({'22386', '22383'})"
1203,0.010747582872928176,"frozenset({'22386', '20725', '85099B'})"
1204,0.010315953038674034,"frozenset({'22386', '23203', '85099B'})"
1205,0.012301450276243095,"frozenset({'85099B', '82482'})"
1206,0.01761049723756906,"frozenset({'85123A', '82482'})"
1207,0.02166781767955801,"frozenset({'22384', '20728'})"
1208,0.015668162983425413,"frozenset({'22384', '85099B'})"
1209,0.012992058011049724,"frozenset({'22384', '22386'})"
1210,0.010618093922651934,"frozenset({'22384', '21931'})"
1211,0.026156767955801106,"frozenset({'22384', '20725'})"
1212,0.020200276243093923,"frozenset({'22384', '22383'})"
1213,0.01847375690607735,"frozenset({'22382', '22384'})"
1214,0.014804903314917127,"frozenset({'22384', '23209'})"
1215,0.011697168508287293,"frozenset({'22384', '85123A'})"
1216,0.023480662983425413,"frozenset({'22384', '20727'})"
1217,0.013898480662983425,"frozenset({'22384', '20725', '20728'})"
1218,0.013380524861878454,"frozenset({'22384', '20727', '20728'})"
1219,0.014286947513812156,"frozenset({'22384', '20725', '22383'})"
1220,0.01156767955801105,"frozenset({'22384', '20728', '22383'})"
1221,0.012474102209944752,"frozenset({'22384', '20727', '22383'})"
1222,0.01256042817679558,"frozenset({'22382', '20725', '22384'})"
1223,0.011351864640883978,"frozenset({'22382', '20728', '22384'})"
1224,0.010100138121546962,"frozenset({'22382', '22384', '22383'})"
1225,0.011438190607734806,"frozenset({'22382', '20727', '22384'})"
1226,0.010229627071823205,"frozenset({'22384', '20725', '23209'})"
1227,0.015581837016574585,"frozenset({'22384', '20725', '20727'})"
1228,0.01018646408839779,"frozenset({'22077', '22961'})"
1229,0.01117921270718232,"frozenset({'22077', '85123A'})"
1230,0.010445441988950276,"frozenset({'22077', '22423'})"
1231,0.010272790055248619,"frozenset({'22077', '21212'})"
1232,0.023092196132596686,"frozenset({'20712', '85099B'})"
1233,0.01938017955801105,"frozenset({'21931', '20712'})"
1234,0.018516919889502763,"frozenset({'22386', '20712'})"
1235,0.016833563535911603,"frozenset({'20712', '22411'})"
1236,0.013121546961325966,"frozenset({'20712', '85099C'})"
1237,0.013078383977900553,"frozenset({'23199', '20712'})"
1238,0.010229627071823205,"frozenset({'20712', '20726'})"
1239,0.012085635359116022,"frozenset({'21929', '20712'})"
1240,0.010315953038674034,"frozenset({'20725', '20712'})"
1241,0.014114295580110497,"frozenset({'21931', '20712', '85099B'})"
1242,0.014718577348066298,"frozenset({'22386', '20712', '85099B'})"
1243,0.011999309392265194,"frozenset({'21931', '22386', '20712'})"
1244,0.010100138121546962,"frozenset({'21931', '22386', '20712', '85099B'})"
1245,0.012819406077348066,"frozenset({'20712', '85099B', '22411'})"
1246,0.01186982044198895,"frozenset({'21931', '20712', '22411'})"
1247,0.010963397790055248,"frozenset({'22386', '20712', '22411'})"
1248,0.010056975138121546,"frozenset({'20712', '85099C', '85099B'})"
1249,0.01156767955801105,"frozenset({'22722', '22960'})"
1250,0.010747582872928176,"frozenset({'22722', '22666'})"
1251,0.01769682320441989,"frozenset({'22722', '22720'})"
1252,0.011049723756906077,"frozenset({'21754', '85123A'})"
1253,0.010531767955801106,"frozenset({'21171', '85099B'})"
1254,0.010833908839779005,"frozenset({'21171', '85123A'})"
1255,0.016876726519337016,"frozenset({'20713', '85099B'})"
1256,0.013768991712707183,"frozenset({'21931', '20713'})"
1257,0.012171961325966851,"frozenset({'20712', '20713'})"
1258,0.012085635359116022,"frozenset({'22386', '20713'})"
1259,0.011265538674033149,"frozenset({'20713', '22411'})"
1260,0.011092886740331492,"frozenset({'20713', '85099C'})"
1261,0.010013812154696133,"frozenset({'21181', '85150'})"
1262,0.011740331491712707,"frozenset({'22381', '22379'})"
1263,0.010531767955801106,"frozenset({'22381', '85099B'})"
1264,0.01186982044198895,"frozenset({'22663', '85099B'})"
1265,0.01186982044198895,"frozenset({'22699', '23170'})"
1266,0.01048860497237569,"frozenset({'22142', '22144'})"
1267,0.010790745856353591,"frozenset({'21668', '21669'})"
1268,0.012819406077348066,"frozenset({'22625', '22624'})"
1269,0.012819406077348066,"frozenset({'21754', '21755'})"
1270,0.018560082872928176,"frozenset({'22385', '85099B'})"
1271,0.011826657458563535,"frozenset({'22385', '22411'})"
1272,0.014891229281767955,"frozenset({'21931', '22385'})"
1273,0.012603591160220995,"frozenset({'22385', '20712'})"
1274,0.010359116022099447,"frozenset({'23199', '22385'})"
1275,0.01463225138121547,"frozenset({'22386', '22385'})"
1276,0.011049723756906077,"frozenset({'21931', '22385', '85099B'})"
1277,0.011395027624309393,"frozenset({'22386', '22385', '85099B'})"
1278,0.02175414364640884,"frozenset({'23203', '23209'})"
1279,0.016186118784530388,"frozenset({'20727', '23209'})"
1280,0.015797651933701657,"frozenset({'23209', '22383'})"
1281,0.013510013812154695,"frozenset({'23209', '85099B'})"
1282,0.012905732044198894,"frozenset({'20728', '23209'})"
1283,0.019941298342541436,"frozenset({'20725', '23209'})"
1284,0.014804903314917127,"frozenset({'22382', '23209'})"
1285,0.010100138121546962,"frozenset({'20725', '23209', '22383'})"
1286,0.010747582872928176,"frozenset({'23203', '23209', '85099B'})"
1287,0.013035220994475138,"frozenset({'21080', '21212'})"
1288,0.012387776243093923,"frozenset({'21080', '85099B'})"
1289,0.01057493093922652,"frozenset({'22090', '47566'})"
1290,0.010143301104972375,"frozenset({'22090', '85099B'})"
1291,0.012992058011049724,"frozenset({'21212', '84992'})"
1292,0.011956146408839779,"frozenset({'84991', '84992'})"
1293,0.010618093922651934,"frozenset({'21977', '84992'})"
1294,0.013768991712707183,"frozenset({'21975', '21212'})"
1295,0.011222375690607736,"frozenset({'84991', '21975'})"
1296,0.010272790055248619,"frozenset({'21977', '21975'})"
1297,0.015970303867403314,"frozenset({'21094', '21080'})"
1298,0.012905732044198894,"frozenset({'22417', '21212'})"
1299,0.014416436464088397,"frozenset({'21231', '21232'})"
1300,0.011006560773480664,"frozenset({'22749', '22750'})"
1301,0.012085635359116022,"frozenset({'21933', '21932'})"
1302,0.01048860497237569,"frozenset({'23175', '23174'})"
1303,0.010056975138121546,"frozenset({'23173', '23174'})"
1304,0.024171270718232045,"frozenset({'22382', '20725'})"
1305,0.023005870165745856,"frozenset({'22382', '22383'})"
1306,0.01225828729281768,"frozenset({'22382', '85099B'})"
1307,0.01057493093922652,"frozenset({'22382', '85123A'})"
1308,0.010056975138121546,"frozenset({'22382', '21212'})"
1309,0.022099447513812154,"frozenset({'22382', '20727'})"
1310,0.01424378453038674,"frozenset({'22382', '20725', '22383'})"
1311,0.013725828729281768,"frozenset({'22382', '20725', '20727'})"
1312,0.013510013812154695,"frozenset({'22382', '20727', '22383'})"
1313,0.023178522099447513,"frozenset({'85099F', '85099B'})"
1314,0.013510013812154695,"frozenset({'21931', '85099F'})"
1315,0.012430939226519336,"frozenset({'21929', '85099F'})"
1316,0.011697168508287293,"frozenset({'85099F', '85099C'})"
1317,0.010704419889502763,"frozenset({'20725', '85099F'})"
1318,0.010531767955801106,"frozenset({'85099F', '22411'})"
1319,0.010531767955801106,"frozenset({'85099F', '23203'})"
1320,0.015020718232044199,"frozenset({'22386', '85099F'})"
1321,0.010402279005524862,"frozenset({'21931', '85099F', '85099B'})"
1322,0.012042472375690607,"frozenset({'22386', '85099F', '85099B'})"
1323,0.02145200276243094,"frozenset({'21733', '85123A'})"
1324,0.023264848066298343,"frozenset({'82494L', '82482'})"
1325,0.014718577348066298,"frozenset({'82494L', '85123A'})"
1326,0.021279350828729282,"frozenset({'22469', '22470'})"
1327,0.015495511049723756,"frozenset({'22470', '85123A'})"
1328,0.01463225138121547,"frozenset({'22804', '85123A'})"
1329,0.011308701657458564,"frozenset({'22746', '22748'})"
1330,0.011222375690607736,"frozenset({'22746', '22745'})"
1331,0.012128798342541436,"frozenset({'82486', '82483'})"
1332,0.01117921270718232,"frozenset({'84879', '21136'})"
1333,0.010359116022099447,"frozenset({'20724', '22661'})"
1334,0.010013812154696133,"frozenset({'22661', '22355'})"
1335,0.01117921270718232,"frozenset({'23296', '23293'})"
1336,0.015107044198895027,"frozenset({'21094', '21086'})"
1337,0.012776243093922652,"frozenset({'21080', '21086'})"
1338,0.011438190607734806,"frozenset({'21094', '21080', '21086'})"
1339,0.011308701657458564,"frozenset({'47590B', '47590A'})"
1340,0.013035220994475138,"frozenset({'22727', '22729'})"
1341,0.011783494475138122,"frozenset({'22726', '22729'})"
1342,0.014848066298342542,"frozenset({'20711', '85099B'})"
1343,0.01286256906077348,"frozenset({'21931', '20711'})"
1344,0.012474102209944752,"frozenset({'20711', '20712'})"
1345,0.011481353591160221,"frozenset({'20711', '22411'})"
1346,0.012171961325966851,"frozenset({'20711', '22386'})"
1347,0.01018646408839779,"frozenset({'21931', '20711', '85099B'})"
1348,0.010056975138121546,"frozenset({'20711', '22386', '85099B'})"
1349,0.012128798342541436,"frozenset({'22579', '22578'})"
1350,0.010747582872928176,"frozenset({'22577', '22579'})"
